--Datos de Prueba para SIAT Parametrización de Web Service
insert into siat.tambiente(codigo,descripcion) values(1,'PRODUCCION');
insert into siat.tambiente(codigo,descripcion) values(2,'PRUEBAS');

insert into siat.ttipo_emision(codigo,descripcion) values(1,'ON LINE');
insert into siat.ttipo_emision(codigo,descripcion) values(2,'OFF LINE');


insert into siat.tmodalidad(codigo,descripcion) values(1,'ELECTRONICA');
insert into siat.tmodalidad(codigo,descripcion) values(2,'COMPUTARIZADA');
insert into siat.tmodalidad(codigo,descripcion) values(3,'MANUAL');
insert into siat.tmodalidad(codigo,descripcion) values(4,'PREVALORADA ELECTRONICA');
insert into siat.tmodalidad(codigo,descripcion) values(5,'PREVALORADA COMPUTARIZADA');

insert into siat.tmetodo_pago(codigo,descripcion) values(1,'EFECTIVO');
insert into siat.tmetodo_pago(codigo,descripcion) values(2,'TARJETA');
insert into siat.tmetodo_pago(codigo,descripcion) values(3,'CHEQUE');
insert into siat.tmetodo_pago(codigo,descripcion) values(4,'VALES');
insert into siat.tmetodo_pago(codigo,descripcion) values(5,'OTROS');


insert into siat.tevento(codigo,descripcion) values(968,'INICIO DE OPERACIONES');
insert into siat.tevento(codigo,descripcion) values(969,'CIERRE DE OPERACIONES');
insert into siat.tevento(codigo,descripcion) values(970,'PROBLEMAS DE COMUNICACIÓN EXTERNA CON SERVIDOR');
insert into siat.tevento(codigo,descripcion) values(971,'PROBLEMAS DE COMUNICACIÓN INTERNA CON PUNTOS DE VENTA O CLIENTES');
insert into siat.tevento(codigo,descripcion) values(972,'CORTE DE SUMINISTRO DE ENERGIA ELECTRICA');
insert into siat.tevento(codigo,descripcion) values(973,'CORTE DEL SERVICIO DE INTERNET');
insert into siat.tevento(codigo,descripcion) values(974,'VIRUS INFORMÁTICO O FALLA DE SOFTWARE');
insert into siat.tevento(codigo,descripcion) values(975,'CAMBIO DE INFRAESTRUCTURA DEL SISTEMA O FALLA DE HARDWARE');
insert into siat.tevento(codigo,descripcion) values(976,'INACCESIBILIDAD AL SERVICIO WEB DE LA ADMINISTRACIÓN TRIBUTARIA');
insert into siat.tevento(codigo,descripcion) values(977,'INGRESO A ZONAS SIN INTERNET POR DESPLIEGUE DE PUNTO DE VENTA');
insert into siat.tevento(codigo,descripcion) values(978,'ACTUALIZACIÓN DE PARAMÉTRICAS');
insert into siat.tevento(codigo,descripcion) values(979,'SINCRONIZACIÓN DE HUELLAS DE SISTEMA');

insert into siat.ttipo_documento_siat(codigo,descripcion,tipo) values(1,'FACTURA',1);
insert into siat.ttipo_documento_siat(codigo,descripcion,tipo) values(2,'NOTA DE CREDITO/DEBITO',1);
insert into siat.ttipo_documento_siat(codigo,descripcion,tipo) values(3,'NOTA FISCAL',1);
insert into siat.ttipo_documento_siat(codigo,descripcion,tipo) values(4,'BOLETA CONTINGENCIA',1);
insert into siat.ttipo_documento_siat(codigo,descripcion,tipo) values(5,'DOCUMENTO EQUIVALENTE',1);

insert into siat.ttipo_documento_siat(codigo,descripcion,tipo) values(1,'CARNET DE IDENTIDAD',2);
insert into siat.ttipo_documento_siat(codigo,descripcion,tipo) values(2,'CARNET DE IDENTIDAD DE EXTRANJERO',2);
insert into siat.ttipo_documento_siat(codigo,descripcion,tipo) values(3,'PASAPORTE',2);
insert into siat.ttipo_documento_siat(codigo,descripcion,tipo) values(4,'OTRO DOCUMENTO DE IDENTIDAD',2);
insert into siat.ttipo_documento_siat(codigo,descripcion,tipo) values(5,'NUMERO DE IDENTIFICACION TRIBUTARIA',2);

insert into siat.ttipo_documento_siat(codigo,descripcion,tipo) values(1,'FACTURA ESTANDAR',3);
insert into siat.ttipo_documento_siat(codigo,descripcion,tipo) values(1,'FACTURA SECTORES EDUCATIVOS',3);
insert into siat.ttipo_documento_siat(codigo,descripcion,tipo) values(1,'FACTURA DE ALQUILER DE BIENES INMUEBLES',3);
insert into siat.ttipo_documento_siat(codigo,descripcion,tipo) values(1,'FACTURA DE COMERCIALIZACION DE HIDROCARBUROS',3);
insert into siat.ttipo_documento_siat(codigo,descripcion,tipo) values(1,'FACTURA DE SERVICIOS BASICOS',3);
insert into siat.ttipo_documento_siat(codigo,descripcion,tipo) values(1,'FACTURA DE EMBOTELLADORAS',3);
insert into siat.ttipo_documento_siat(codigo,descripcion,tipo) values(1,'FACTURA DE ENTIDADES FINANCIERAS',3);
insert into siat.ttipo_documento_siat(codigo,descripcion,tipo) values(1,'FACTURA DE HOTELES',3);
insert into siat.ttipo_documento_siat(codigo,descripcion,tipo) values(1,'FACTURAS DE HOSPITALES/CLINICAS',3);
insert into siat.ttipo_documento_siat(codigo,descripcion,tipo) values(1,'FACTURA DE JUEGOS DE AZAR',3);
insert into siat.ttipo_documento_siat(codigo,descripcion,tipo) values(1,'FACTURA DE ARTISTAS INTERNACIONALES',3);
insert into siat.ttipo_documento_siat(codigo,descripcion,tipo) values(1,'FACTURA COMERCIAL DE EXPORTACION',3);
insert into siat.ttipo_documento_siat(codigo,descripcion,tipo) values(1,'FACTURA COMERCIAL DE EXPORTACIÓN EN LIBRE CONSIGNACION',3);
insert into siat.ttipo_documento_siat(codigo,descripcion,tipo) values(1,'NOTA FISCAL DE ZONA FRANCA',3);
insert into siat.ttipo_documento_siat(codigo,descripcion,tipo) values(1,'NOTA FISCAL DE ARTISTAS NACIONALES',3);
insert into siat.ttipo_documento_siat(codigo,descripcion,tipo) values(1,'NOTA FISCAL DE COMERCIALIZACIÓN DE ALIMENTOS – SEGURIDAD ALIMENTARIA Y ABASTECIMIENTO',3);
insert into siat.ttipo_documento_siat(codigo,descripcion,tipo) values(1,'NOTA FISCAL DE COMPRA Y VENTA DE MONEDA EXTRANJERA',3);
insert into siat.ttipo_documento_siat(codigo,descripcion,tipo) values(1,'NOTA DE CREDITO-DEBITO',3);
insert into siat.ttipo_documento_siat(codigo,descripcion,tipo) values(1,'NOTA DE CONCILIACION',3);
insert into siat.ttipo_documento_siat(codigo,descripcion,tipo) values(1,'BOLETO AEREO',3);
insert into siat.ttipo_documento_siat(codigo,descripcion,tipo) values(1,'NOTA FISCAL TURISMO RECEPTIVO',3);
insert into siat.ttipo_documento_siat(codigo,descripcion,tipo) values(1,'NOTA FISCAL TASA CERO',3);
insert into siat.ttipo_documento_siat(codigo,descripcion,tipo) values(1,'FACTURA HIDROCARBUROS',3);


insert into siat.ttipo_moneda(codigo,descripcion)values(688,'DOLAR ');
insert into siat.ttipo_moneda(codigo,descripcion)values(689,'BOLIVIANO ');
insert into siat.ttipo_moneda(codigo,descripcion)values(1894,'AFGANI ');
insert into siat.ttipo_moneda(codigo,descripcion)values(1895,'LEK ');
insert into siat.ttipo_moneda(codigo,descripcion)values(1896,'LIBRA ESTERLINA ');
insert into siat.ttipo_moneda(codigo,descripcion)values(1897,'DINAR ');
insert into siat.ttipo_moneda(codigo,descripcion)values(1898,'EURO ');
insert into siat.ttipo_moneda(codigo,descripcion)values(1899,'KUANZA DE ANGOLA ');
insert into siat.ttipo_moneda(codigo,descripcion)values(1900,'PESO ARGENTINO ');
insert into siat.ttipo_moneda(codigo,descripcion)values(1901,'DRAM ARMENIO ');
insert into siat.ttipo_moneda(codigo,descripcion)values(1902,'FLORÍN ARUBANO ');
insert into siat.ttipo_moneda(codigo,descripcion)values(1903,'DÓLAR AUSTRALIANO ');
insert into siat.ttipo_moneda(codigo,descripcion)values(1904,'EURO ');
insert into siat.ttipo_moneda(codigo,descripcion)values(1905,'MANAT AZERBAYANO ');
insert into siat.ttipo_moneda(codigo,descripcion)values(1906,'DÓLAR DE LAS BAHAMAS ');
insert into siat.ttipo_moneda(codigo,descripcion)values(1907,'DINAR DE BARÉIN ');
insert into siat.ttipo_moneda(codigo,descripcion)values(1908,'TAKA DE BANGLADÉS ');
insert into siat.ttipo_moneda(codigo,descripcion)values(1909,'DÓLAR DE LAS BARBADOS ');
insert into siat.ttipo_moneda(codigo,descripcion)values(1910,'RUBLO BIELORRUSO ');
insert into siat.ttipo_moneda(codigo,descripcion)values(1911,'EURO ');
insert into siat.ttipo_moneda(codigo,descripcion)values(1912,'DÓLAR BELICEÑO ');
insert into siat.ttipo_moneda(codigo,descripcion)values(1913,'GULTRUM BUTANÉS ');
insert into siat.ttipo_moneda(codigo,descripcion)values(1914,'MARCO CONVERTIBLE DE BOSNIA Y HERZEGOVINA ');
insert into siat.ttipo_moneda(codigo,descripcion)values(1915,'PULA DE BOTSUANA ');
insert into siat.ttipo_moneda(codigo,descripcion)values(1916,'REAL BRASILEÑO ');
insert into siat.ttipo_moneda(codigo,descripcion)values(1917,'DÓLAR DE BRUNEI ');
insert into siat.ttipo_moneda(codigo,descripcion)values(1918,'LEVA BÚLGARO ');
insert into siat.ttipo_moneda(codigo,descripcion)values(1919,'FRANCO CFA ');
insert into siat.ttipo_moneda(codigo,descripcion)values(1920,'KIAT DE BIRMANIA ');
insert into siat.ttipo_moneda(codigo,descripcion)values(1921,'FRANCO BURUNDÉS ');
insert into siat.ttipo_moneda(codigo,descripcion)values(1922,'RIEL CAMBOYANO ');
insert into siat.ttipo_moneda(codigo,descripcion)values(1923,'DÓLAR CANADIENSE ');
insert into siat.ttipo_moneda(codigo,descripcion)values(1924,'ESCUDO DE CABO VERDE ');
insert into siat.ttipo_moneda(codigo,descripcion)values(1925,'DÓLAR DE LAS ISLAS CAIMÁN ');
insert into siat.ttipo_moneda(codigo,descripcion)values(1926,'FRANCO CFA ');
insert into siat.ttipo_moneda(codigo,descripcion)values(1927,'FRANCO CFA ');
insert into siat.ttipo_moneda(codigo,descripcion)values(1928,'PESO CHILENO ');
insert into siat.ttipo_moneda(codigo,descripcion)values(1929,'YUAN, RENMINBI ');
insert into siat.ttipo_moneda(codigo,descripcion)values(1930,'PESO COLOMBIANO ');
insert into siat.ttipo_moneda(codigo,descripcion)values(1931,'FRANCO COMORANO ');
insert into siat.ttipo_moneda(codigo,descripcion)values(1932,'FRANCO CONGOLEÑO ');
insert into siat.ttipo_moneda(codigo,descripcion)values(1933,'FRANCO CFA ');
insert into siat.ttipo_moneda(codigo,descripcion)values(1934,'COLÓN COSTARRICENSE ');
insert into siat.ttipo_moneda(codigo,descripcion)values(1935,'FRANCO CFA ');
insert into siat.ttipo_moneda(codigo,descripcion)values(1936,'KUNA CROATA ');
insert into siat.ttipo_moneda(codigo,descripcion)values(1937,'PESO CUBANO ');
insert into siat.ttipo_moneda(codigo,descripcion)values(1938,'FLORÍN DE LAS ANTILLAS NEERLANDESAS ');
insert into siat.ttipo_moneda(codigo,descripcion)values(1939,'EURO ');
insert into siat.ttipo_moneda(codigo,descripcion)values(1940,'CORONA CHECA ');
insert into siat.ttipo_moneda(codigo,descripcion)values(1941,'CORONA DANESA ');
insert into siat.ttipo_moneda(codigo,descripcion)values(1942,'FRANCO YIBUTIANO ');
insert into siat.ttipo_moneda(codigo,descripcion)values(1943,'PESO DOMINICANO ');
insert into siat.ttipo_moneda(codigo,descripcion)values(1944,'DÓLAR ESTADOUNIDENSE ');
insert into siat.ttipo_moneda(codigo,descripcion)values(1945,'LIBRA EGIPCIA ');
insert into siat.ttipo_moneda(codigo,descripcion)values(1946,'COLÓN SALVADOREÑO ');
insert into siat.ttipo_moneda(codigo,descripcion)values(1947,'FRANCO CFA ');
insert into siat.ttipo_moneda(codigo,descripcion)values(1948,'NAKFA DE ERITREA ');
insert into siat.ttipo_moneda(codigo,descripcion)values(1949,'EURO ');
insert into siat.ttipo_moneda(codigo,descripcion)values(1950,'BIR ');
insert into siat.ttipo_moneda(codigo,descripcion)values(1951,'EURO ');
insert into siat.ttipo_moneda(codigo,descripcion)values(1952,'EURO ');
insert into siat.ttipo_moneda(codigo,descripcion)values(1953,'FRANCO CFP ');
insert into siat.ttipo_moneda(codigo,descripcion)values(1954,'FRANCO CFA ');
insert into siat.ttipo_moneda(codigo,descripcion)values(1955,'DALASI GAMBIANO ');
insert into siat.ttipo_moneda(codigo,descripcion)values(1956,'LARI GEORGIANO ');
insert into siat.ttipo_moneda(codigo,descripcion)values(1957,'EURO ');
insert into siat.ttipo_moneda(codigo,descripcion)values(1958,'CEDI DE GANA ');
insert into siat.ttipo_moneda(codigo,descripcion)values(1959,'LIBRA DE GIBRALTAR ');
insert into siat.ttipo_moneda(codigo,descripcion)values(1960,'EURO ');
insert into siat.ttipo_moneda(codigo,descripcion)values(1961,'QUETZAL ');
insert into siat.ttipo_moneda(codigo,descripcion)values(1962,'FRANCO GUINEANO ');
insert into siat.ttipo_moneda(codigo,descripcion)values(1963,'FRANCO CFA ');
insert into siat.ttipo_moneda(codigo,descripcion)values(1964,'GURDE ');
insert into siat.ttipo_moneda(codigo,descripcion)values(1965,'LEMPIRA ');
insert into siat.ttipo_moneda(codigo,descripcion)values(1966,'FORINTO ');
insert into siat.ttipo_moneda(codigo,descripcion)values(1967,'CORONA ISLANDESA ');
insert into siat.ttipo_moneda(codigo,descripcion)values(1968,'RUPIA INDIA ');
insert into siat.ttipo_moneda(codigo,descripcion)values(1969,'RUPIA INDONESIA ');
insert into siat.ttipo_moneda(codigo,descripcion)values(1970,'RIAL IRANÍ ');
insert into siat.ttipo_moneda(codigo,descripcion)values(1971,'DINAR IRAKÍ ');
insert into siat.ttipo_moneda(codigo,descripcion)values(1972,'EURO ');
insert into siat.ttipo_moneda(codigo,descripcion)values(1973,'NUEVO SÉQUEL ');
insert into siat.ttipo_moneda(codigo,descripcion)values(1974,'EURO ');
insert into siat.ttipo_moneda(codigo,descripcion)values(1975,'DÓLAR JAMAICANO ');
insert into siat.ttipo_moneda(codigo,descripcion)values(1976,'YEN ');
insert into siat.ttipo_moneda(codigo,descripcion)values(1977,'DINAR JORDANO ');
insert into siat.ttipo_moneda(codigo,descripcion)values(1978,'TENGUE KAZAJO ');
insert into siat.ttipo_moneda(codigo,descripcion)values(1979,'CHELÍN KENIANO ');
insert into siat.ttipo_moneda(codigo,descripcion)values(1980,'WON NORCOREANO ');
insert into siat.ttipo_moneda(codigo,descripcion)values(1981,'WON SURCOREANO ');
insert into siat.ttipo_moneda(codigo,descripcion)values(1982,'DINAR KUWAITÍ ');
insert into siat.ttipo_moneda(codigo,descripcion)values(1983,'SOM KIRGUÍS ');
insert into siat.ttipo_moneda(codigo,descripcion)values(1984,'KIP ');
insert into siat.ttipo_moneda(codigo,descripcion)values(1985,'LATS ');
insert into siat.ttipo_moneda(codigo,descripcion)values(1986,'LIBRA LIBANESA ');
insert into siat.ttipo_moneda(codigo,descripcion)values(1987,'LOTI DE LESOTO ');
insert into siat.ttipo_moneda(codigo,descripcion)values(1988,'DÓLAR LIBERIANO ');
insert into siat.ttipo_moneda(codigo,descripcion)values(1989,'DINAR LIBIO ');
insert into siat.ttipo_moneda(codigo,descripcion)values(1990,'LITAS ');
insert into siat.ttipo_moneda(codigo,descripcion)values(1991,'EURO ');
insert into siat.ttipo_moneda(codigo,descripcion)values(1992,'PATACA DE MACAO ');
insert into siat.ttipo_moneda(codigo,descripcion)values(1993,'DENAR ');
insert into siat.ttipo_moneda(codigo,descripcion)values(1994,'ARIARI ');
insert into siat.ttipo_moneda(codigo,descripcion)values(1995,'KUACHA DE MALAUI ');
insert into siat.ttipo_moneda(codigo,descripcion)values(1996,'RINGIT ');
insert into siat.ttipo_moneda(codigo,descripcion)values(1997,'RUFIYA ');
insert into siat.ttipo_moneda(codigo,descripcion)values(1998,'FRANCO CFA ');
insert into siat.ttipo_moneda(codigo,descripcion)values(1999,'EURO ');
insert into siat.ttipo_moneda(codigo,descripcion)values(2000,'UGUIYA ');
insert into siat.ttipo_moneda(codigo,descripcion)values(2001,'RUPIA DE MAURICIO ');
insert into siat.ttipo_moneda(codigo,descripcion)values(2002,'PESO MEXICANO ');
insert into siat.ttipo_moneda(codigo,descripcion)values(2003,'DÓLAR MICRONESIO ');
insert into siat.ttipo_moneda(codigo,descripcion)values(2004,'LEU MOLDAVO ');
insert into siat.ttipo_moneda(codigo,descripcion)values(2005,'EURO ');
insert into siat.ttipo_moneda(codigo,descripcion)values(2006,'TUGRIK MONGOL ');
insert into siat.ttipo_moneda(codigo,descripcion)values(2007,'EURO ');
insert into siat.ttipo_moneda(codigo,descripcion)values(2008,'DÍRHAM ');
insert into siat.ttipo_moneda(codigo,descripcion)values(2009,'METICAL ');
insert into siat.ttipo_moneda(codigo,descripcion)values(2010,'DÓLAR DE NAMIBIA ');
insert into siat.ttipo_moneda(codigo,descripcion)values(2011,'DÓLAR NAURUANO ');
insert into siat.ttipo_moneda(codigo,descripcion)values(2012,'RUPIA NEPALÍ ');
insert into siat.ttipo_moneda(codigo,descripcion)values(2013,'EURO ');
insert into siat.ttipo_moneda(codigo,descripcion)values(2014,'FRANCO CFP ');
insert into siat.ttipo_moneda(codigo,descripcion)values(2015,'DÓLAR DE NUEVA ZELANDA ');
insert into siat.ttipo_moneda(codigo,descripcion)values(2016,'CÓRDOBA NICARAGÜENSE ');
insert into siat.ttipo_moneda(codigo,descripcion)values(2017,'FRANCO CFA ');
insert into siat.ttipo_moneda(codigo,descripcion)values(2018,'NAIRA NIGERIANO ');
insert into siat.ttipo_moneda(codigo,descripcion)values(2019,'CORONA NORUEGA ');
insert into siat.ttipo_moneda(codigo,descripcion)values(2020,'RIAL DE OMÁN ');
insert into siat.ttipo_moneda(codigo,descripcion)values(2021,'RUPIA PAKISTANÍ ');
insert into siat.ttipo_moneda(codigo,descripcion)values(2022,'BALBOA PANAMEÑO ');
insert into siat.ttipo_moneda(codigo,descripcion)values(2023,'KINA ');
insert into siat.ttipo_moneda(codigo,descripcion)values(2024,'GUARANÍ PARAGUAYO ');
insert into siat.ttipo_moneda(codigo,descripcion)values(2025,'NUEVO SOL PERUANO ');
insert into siat.ttipo_moneda(codigo,descripcion)values(2026,'PESO FILIPINO ');
insert into siat.ttipo_moneda(codigo,descripcion)values(2027,'ZLÓTI ');
insert into siat.ttipo_moneda(codigo,descripcion)values(2028,'EURO ');
insert into siat.ttipo_moneda(codigo,descripcion)values(2029,'RIAL CATARÍ ');
insert into siat.ttipo_moneda(codigo,descripcion)values(2030,'LEU RUMANO ');
insert into siat.ttipo_moneda(codigo,descripcion)values(2031,'RUBLO ');
insert into siat.ttipo_moneda(codigo,descripcion)values(2032,'FRANCO RUANDÉS ');
insert into siat.ttipo_moneda(codigo,descripcion)values(2033,'DÓLAR DEL CARIBE ORIENTAL ');
insert into siat.ttipo_moneda(codigo,descripcion)values(2034,'DÓLAR DEL CARIBE ORIENTAL ');
insert into siat.ttipo_moneda(codigo,descripcion)values(2035,'DÓLAR DEL CARIBE ORIENTAL ');
insert into siat.ttipo_moneda(codigo,descripcion)values(2036,'TALA ');
insert into siat.ttipo_moneda(codigo,descripcion)values(2037,'EURO ');
insert into siat.ttipo_moneda(codigo,descripcion)values(2038,'DOBRA ');
insert into siat.ttipo_moneda(codigo,descripcion)values(2039,'RIAL SAUDÍ ');
insert into siat.ttipo_moneda(codigo,descripcion)values(2040,'FRANCO CFA ');
insert into siat.ttipo_moneda(codigo,descripcion)values(2041,'DINAR SERBIO ');
insert into siat.ttipo_moneda(codigo,descripcion)values(2042,'RUPIA SEYCHELLENSE ');
insert into siat.ttipo_moneda(codigo,descripcion)values(2043,'LEONA ');
insert into siat.ttipo_moneda(codigo,descripcion)values(2044,'DÓLAR SINGAPURENSE ');
insert into siat.ttipo_moneda(codigo,descripcion)values(2045,'EURO ');
insert into siat.ttipo_moneda(codigo,descripcion)values(2046,'EURO ');
insert into siat.ttipo_moneda(codigo,descripcion)values(2047,'DÓLAR SALOMONENSE ');
insert into siat.ttipo_moneda(codigo,descripcion)values(2048,'CHELÍN SOMALÍ ');
insert into siat.ttipo_moneda(codigo,descripcion)values(2049,'RAND ');
insert into siat.ttipo_moneda(codigo,descripcion)values(2050,'EURO ');
insert into siat.ttipo_moneda(codigo,descripcion)values(2051,'LIBRA SURSUDANESA ');
insert into siat.ttipo_moneda(codigo,descripcion)values(2052,'RUPIA CEILANDESA ');
insert into siat.ttipo_moneda(codigo,descripcion)values(2053,'LIBRA SUDANESA ');
insert into siat.ttipo_moneda(codigo,descripcion)values(2054,'DÓLAR SURINAMÉS ');
insert into siat.ttipo_moneda(codigo,descripcion)values(2055,'LILANGENI ');
insert into siat.ttipo_moneda(codigo,descripcion)values(2056,'CORONA SUECA ');
insert into siat.ttipo_moneda(codigo,descripcion)values(2057,'FRANCO SUIZO ');
insert into siat.ttipo_moneda(codigo,descripcion)values(2058,'LIBRA SIRIA ');
insert into siat.ttipo_moneda(codigo,descripcion)values(2059,'NUEVO DÓLAR DE TAIWÁN ');
insert into siat.ttipo_moneda(codigo,descripcion)values(2060,'SOMONI ');
insert into siat.ttipo_moneda(codigo,descripcion)values(2061,'CHELÍN TANZANIANO ');
insert into siat.ttipo_moneda(codigo,descripcion)values(2062,'BAT ');
insert into siat.ttipo_moneda(codigo,descripcion)values(2063,'FRANCO CFA ');
insert into siat.ttipo_moneda(codigo,descripcion)values(2064,'PAANGA ');
insert into siat.ttipo_moneda(codigo,descripcion)values(2065,'DÓLAR TRINITENSE ');
insert into siat.ttipo_moneda(codigo,descripcion)values(2066,'DINAR TUNECINO ');
insert into siat.ttipo_moneda(codigo,descripcion)values(2067,'LIRA TURCA ');
insert into siat.ttipo_moneda(codigo,descripcion)values(2068,'MANAT TURCOMANO ');
insert into siat.ttipo_moneda(codigo,descripcion)values(2069,'CHELÍN UGANDÉS ');
insert into siat.ttipo_moneda(codigo,descripcion)values(2070,'GRIVNA ');
insert into siat.ttipo_moneda(codigo,descripcion)values(2071,'DÍRHAM ');
insert into siat.ttipo_moneda(codigo,descripcion)values(2072,'PESO URUGUAYO ');
insert into siat.ttipo_moneda(codigo,descripcion)values(2073,'SUM ');
insert into siat.ttipo_moneda(codigo,descripcion)values(2074,'VATU DO VANUATU ');
insert into siat.ttipo_moneda(codigo,descripcion)values(2075,'EURO ');
insert into siat.ttipo_moneda(codigo,descripcion)values(2076,'BOLÍVAR FUERTE ');
insert into siat.ttipo_moneda(codigo,descripcion)values(2077,'DONG ');
insert into siat.ttipo_moneda(codigo,descripcion)values(2078,'RIAL YEMENÍ ');
insert into siat.ttipo_moneda(codigo,descripcion)values(2079,'KUACHA ZAMBIANO ');
insert into siat.ttipo_moneda(codigo,descripcion)values(2080,'DÓLAR ZIMBABUENSE ');

insert into siat.tpais(codigo,descripcion)VALUES(358,'AFGANISTÁN ');
insert into siat.tpais(codigo,descripcion)VALUES(359,'ALBANIA ');
insert into siat.tpais(codigo,descripcion)VALUES(360,'ALEMANIA ');
insert into siat.tpais(codigo,descripcion)VALUES(361,'ANDORRA ');
insert into siat.tpais(codigo,descripcion)VALUES(362,'ANGOLA ');
insert into siat.tpais(codigo,descripcion)VALUES(363,'ANTIGUA Y BARBUDA ');
insert into siat.tpais(codigo,descripcion)VALUES(364,'ARABIA SAUDITA ');
insert into siat.tpais(codigo,descripcion)VALUES(365,'ARGELIA ');
insert into siat.tpais(codigo,descripcion)VALUES(366,'ARGENTINA ');
insert into siat.tpais(codigo,descripcion)VALUES(367,'ARMENIA ');
insert into siat.tpais(codigo,descripcion)VALUES(368,'AUSTRALIA ');
insert into siat.tpais(codigo,descripcion)VALUES(369,'AUSTRIA ');
insert into siat.tpais(codigo,descripcion)VALUES(370,'AZERBAIYÁN ');
insert into siat.tpais(codigo,descripcion)VALUES(371,'BAHAMAS ');
insert into siat.tpais(codigo,descripcion)VALUES(372,'BAHREIN ');
insert into siat.tpais(codigo,descripcion)VALUES(373,'BANGLADESH ');
insert into siat.tpais(codigo,descripcion)VALUES(374,'BARBADOS ');
insert into siat.tpais(codigo,descripcion)VALUES(375,'BIELORRUSIA ');
insert into siat.tpais(codigo,descripcion)VALUES(376,'BELICE ');
insert into siat.tpais(codigo,descripcion)VALUES(377,'BENIN ');
insert into siat.tpais(codigo,descripcion)VALUES(378,'BUTÁN ');
insert into siat.tpais(codigo,descripcion)VALUES(379,'BOLIVIA (ESTADO PLURINACIONAL DE) ');
insert into siat.tpais(codigo,descripcion)VALUES(380,'BOSNIA Y HERZEGOVINA ');
insert into siat.tpais(codigo,descripcion)VALUES(381,'BOTSUANA ');
insert into siat.tpais(codigo,descripcion)VALUES(382,'BRASIL ');
insert into siat.tpais(codigo,descripcion)VALUES(383,'BRUNEI DARUSSALAM ');
insert into siat.tpais(codigo,descripcion)VALUES(384,'BULGARIA ');
insert into siat.tpais(codigo,descripcion)VALUES(385,'BURKINA FASO ');
insert into siat.tpais(codigo,descripcion)VALUES(386,'BURUNDI ');
insert into siat.tpais(codigo,descripcion)VALUES(387,'BÉLGICA ');
insert into siat.tpais(codigo,descripcion)VALUES(388,'CABO VERDE ');
insert into siat.tpais(codigo,descripcion)VALUES(389,'CAMBOYA ');
insert into siat.tpais(codigo,descripcion)VALUES(390,'CAMERÚN ');
insert into siat.tpais(codigo,descripcion)VALUES(391,'CANADÁ ');
insert into siat.tpais(codigo,descripcion)VALUES(392,'CHAD ');
insert into siat.tpais(codigo,descripcion)VALUES(393,'CHEQUIA ');
insert into siat.tpais(codigo,descripcion)VALUES(394,'CHILE ');
insert into siat.tpais(codigo,descripcion)VALUES(395,'CHINA ');
insert into siat.tpais(codigo,descripcion)VALUES(396,'CHIPRE ');
insert into siat.tpais(codigo,descripcion)VALUES(397,'COLOMBIA ');
insert into siat.tpais(codigo,descripcion)VALUES(398,'COMORAS ');
insert into siat.tpais(codigo,descripcion)VALUES(399,'CONGO ');
insert into siat.tpais(codigo,descripcion)VALUES(400,'COSTA RICA ');
insert into siat.tpais(codigo,descripcion)VALUES(401,'CROACIA ');
insert into siat.tpais(codigo,descripcion)VALUES(402,'CUBA ');
insert into siat.tpais(codigo,descripcion)VALUES(403,'COSTA DE MARFIL ');
insert into siat.tpais(codigo,descripcion)VALUES(404,'DINAMARCA ');
insert into siat.tpais(codigo,descripcion)VALUES(405,'DJIBOUTI ');
insert into siat.tpais(codigo,descripcion)VALUES(406,'DOMINICA ');
insert into siat.tpais(codigo,descripcion)VALUES(407,'ECUADOR ');
insert into siat.tpais(codigo,descripcion)VALUES(408,'EGIPTO ');
insert into siat.tpais(codigo,descripcion)VALUES(409,'EL SALVADOR ');
insert into siat.tpais(codigo,descripcion)VALUES(410,'EMIRATOS ÁRABES UNIDOS ');
insert into siat.tpais(codigo,descripcion)VALUES(411,'ERITREA ');
insert into siat.tpais(codigo,descripcion)VALUES(412,'ESLOVAQUIA ');
insert into siat.tpais(codigo,descripcion)VALUES(413,'ESLOVENIA ');
insert into siat.tpais(codigo,descripcion)VALUES(414,'ESPAÑA ');
insert into siat.tpais(codigo,descripcion)VALUES(415,'ESTADOS UNIDOS DE AMÉRICA ');
insert into siat.tpais(codigo,descripcion)VALUES(416,'ESTONIA ');
insert into siat.tpais(codigo,descripcion)VALUES(417,'ETIOPÍA ');
insert into siat.tpais(codigo,descripcion)VALUES(418,'FEDERACIÓN DE RUSIA ');
insert into siat.tpais(codigo,descripcion)VALUES(419,'FIYI ');
insert into siat.tpais(codigo,descripcion)VALUES(420,'FILIPINAS ');
insert into siat.tpais(codigo,descripcion)VALUES(421,'FINLANDIA ');
insert into siat.tpais(codigo,descripcion)VALUES(422,'FRANCIA ');
insert into siat.tpais(codigo,descripcion)VALUES(423,'GABÓN ');
insert into siat.tpais(codigo,descripcion)VALUES(424,'GAMBIA ');
insert into siat.tpais(codigo,descripcion)VALUES(425,'GEORGIA ');
insert into siat.tpais(codigo,descripcion)VALUES(426,'GHANA ');
insert into siat.tpais(codigo,descripcion)VALUES(427,'GRANADA ');
insert into siat.tpais(codigo,descripcion)VALUES(428,'GRECIA ');
insert into siat.tpais(codigo,descripcion)VALUES(429,'GUATEMALA ');
insert into siat.tpais(codigo,descripcion)VALUES(430,'GUINEA ');
insert into siat.tpais(codigo,descripcion)VALUES(431,'GUINEA ECUATORIAL ');
insert into siat.tpais(codigo,descripcion)VALUES(432,'GUINEA-BISSAU ');
insert into siat.tpais(codigo,descripcion)VALUES(433,'GUYANA ');
insert into siat.tpais(codigo,descripcion)VALUES(434,'HAITÍ ');
insert into siat.tpais(codigo,descripcion)VALUES(435,'HONDURAS ');
insert into siat.tpais(codigo,descripcion)VALUES(436,'HUNGRÍA ');
insert into siat.tpais(codigo,descripcion)VALUES(437,'INDIA ');
insert into siat.tpais(codigo,descripcion)VALUES(438,'INDONESIA ');
insert into siat.tpais(codigo,descripcion)VALUES(439,'IRAQ ');
insert into siat.tpais(codigo,descripcion)VALUES(440,'IRLANDA ');
insert into siat.tpais(codigo,descripcion)VALUES(441,'IRÁN (REPÚBLICA ISLÁMICA DE) ');
insert into siat.tpais(codigo,descripcion)VALUES(442,'ISLANDIA ');
insert into siat.tpais(codigo,descripcion)VALUES(443,'ISLAS COOK ');
insert into siat.tpais(codigo,descripcion)VALUES(444,'ISLAS FEROE (MIEMBRO ASOCIADO) ');
insert into siat.tpais(codigo,descripcion)VALUES(445,'ISLAS MARSHALL ');
insert into siat.tpais(codigo,descripcion)VALUES(446,'ISLAS SALOMÓN ');
insert into siat.tpais(codigo,descripcion)VALUES(447,'ISRAEL ');
insert into siat.tpais(codigo,descripcion)VALUES(448,'ITALIA ');
insert into siat.tpais(codigo,descripcion)VALUES(449,'JAMAICA ');
insert into siat.tpais(codigo,descripcion)VALUES(450,'JAPÓN ');
insert into siat.tpais(codigo,descripcion)VALUES(451,'JORDANIA ');
insert into siat.tpais(codigo,descripcion)VALUES(452,'KAZAJISTÁN ');
insert into siat.tpais(codigo,descripcion)VALUES(453,'KENIA ');
insert into siat.tpais(codigo,descripcion)VALUES(454,'KIRGUISTÁN ');
insert into siat.tpais(codigo,descripcion)VALUES(455,'KIRIBATI ');
insert into siat.tpais(codigo,descripcion)VALUES(456,'KUWAIT ');
insert into siat.tpais(codigo,descripcion)VALUES(457,'LESOTO ');
insert into siat.tpais(codigo,descripcion)VALUES(458,'LETONIA ');
insert into siat.tpais(codigo,descripcion)VALUES(459,'LIBERIA ');
insert into siat.tpais(codigo,descripcion)VALUES(460,'LIBIA ');
insert into siat.tpais(codigo,descripcion)VALUES(461,'LITUANIA ');
insert into siat.tpais(codigo,descripcion)VALUES(462,'LUXEMBURGO ');
insert into siat.tpais(codigo,descripcion)VALUES(463,'LÍBANO ');
insert into siat.tpais(codigo,descripcion)VALUES(464,'MADAGASCAR ');
insert into siat.tpais(codigo,descripcion)VALUES(465,'MALASIA ');
insert into siat.tpais(codigo,descripcion)VALUES(466,'MALAWI ');
insert into siat.tpais(codigo,descripcion)VALUES(467,'MALDIVAS ');
insert into siat.tpais(codigo,descripcion)VALUES(468,'MALTA ');
insert into siat.tpais(codigo,descripcion)VALUES(469,'MALÍ ');
insert into siat.tpais(codigo,descripcion)VALUES(470,'MARRUECOS ');
insert into siat.tpais(codigo,descripcion)VALUES(471,'MAURICIO ');
insert into siat.tpais(codigo,descripcion)VALUES(472,'MAURITANIA ');
insert into siat.tpais(codigo,descripcion)VALUES(473,'MICRONESIA (ESTADOS FEDERADOS DE) ');
insert into siat.tpais(codigo,descripcion)VALUES(474,'MONGOLIA ');
insert into siat.tpais(codigo,descripcion)VALUES(475,'MONTENEGRO ');
insert into siat.tpais(codigo,descripcion)VALUES(476,'MOZAMBIQUE ');
insert into siat.tpais(codigo,descripcion)VALUES(477,'MYANMAR ');
insert into siat.tpais(codigo,descripcion)VALUES(478,'MÉXICO ');
insert into siat.tpais(codigo,descripcion)VALUES(479,'MÓNACO ');
insert into siat.tpais(codigo,descripcion)VALUES(480,'NAMIBIA ');
insert into siat.tpais(codigo,descripcion)VALUES(481,'NAURU ');
insert into siat.tpais(codigo,descripcion)VALUES(482,'NEPAL ');
insert into siat.tpais(codigo,descripcion)VALUES(483,'NICARAGUA ');
insert into siat.tpais(codigo,descripcion)VALUES(484,'NIGERIA ');
insert into siat.tpais(codigo,descripcion)VALUES(485,'NIUE ');
insert into siat.tpais(codigo,descripcion)VALUES(486,'NORUEGA ');
insert into siat.tpais(codigo,descripcion)VALUES(487,'NUEVA ZELANDA ');
insert into siat.tpais(codigo,descripcion)VALUES(488,'NÍGER ');
insert into siat.tpais(codigo,descripcion)VALUES(489,'OMÁN ');
insert into siat.tpais(codigo,descripcion)VALUES(490,'PAKISTÁN ');
insert into siat.tpais(codigo,descripcion)VALUES(491,'PALAOS ');
insert into siat.tpais(codigo,descripcion)VALUES(492,'PANAMÁ ');
insert into siat.tpais(codigo,descripcion)VALUES(493,'PAPUA NUEVA GUINEA ');
insert into siat.tpais(codigo,descripcion)VALUES(494,'PARAGUAY ');
insert into siat.tpais(codigo,descripcion)VALUES(495,'PAÍSES BAJOS ');
insert into siat.tpais(codigo,descripcion)VALUES(496,'PERÚ ');
insert into siat.tpais(codigo,descripcion)VALUES(497,'POLONIA ');
insert into siat.tpais(codigo,descripcion)VALUES(498,'PORTUGAL ');
insert into siat.tpais(codigo,descripcion)VALUES(499,'QATAR ');
insert into siat.tpais(codigo,descripcion)VALUES(500,'REINO UNIDO ');
insert into siat.tpais(codigo,descripcion)VALUES(501,'REPÚBLICA CENTROAFRICANA ');
insert into siat.tpais(codigo,descripcion)VALUES(502,'REPÚBLICA DEMOCRÁTICA POPULAR LAO ');
insert into siat.tpais(codigo,descripcion)VALUES(503,'REPÚBLICA DEMOCRÁTICA DEL CONGO ');
insert into siat.tpais(codigo,descripcion)VALUES(504,'REPÚBLICA DOMINICANA ');
insert into siat.tpais(codigo,descripcion)VALUES(505,'REPÚBLICA POPULAR DEMOCRÁTICA DE COREA ');
insert into siat.tpais(codigo,descripcion)VALUES(506,'REPÚBLICA UNIDA DE TANZANÍA ');
insert into siat.tpais(codigo,descripcion)VALUES(507,'REPÚBLICA DE COREA ');
insert into siat.tpais(codigo,descripcion)VALUES(508,'REPÚBLICA DE MOLDAVIA ');
insert into siat.tpais(codigo,descripcion)VALUES(509,'REPÚBLICA ÁRABE SIRIA ');
insert into siat.tpais(codigo,descripcion)VALUES(510,'RUMANIA ');
insert into siat.tpais(codigo,descripcion)VALUES(511,'REPÚBLICA DE RUANDA ');
insert into siat.tpais(codigo,descripcion)VALUES(512,'SAN CRISTÓBAL Y NIEVES ');
insert into siat.tpais(codigo,descripcion)VALUES(513,'SAMOA ');
insert into siat.tpais(codigo,descripcion)VALUES(514,'SAN MARINO ');
insert into siat.tpais(codigo,descripcion)VALUES(515,'SAN VICENTE Y LAS GRANADINAS ');
insert into siat.tpais(codigo,descripcion)VALUES(516,'SANTA LUCÍA ');
insert into siat.tpais(codigo,descripcion)VALUES(517,'SANTO TOMÉ Y PRÍNCIPE ');
insert into siat.tpais(codigo,descripcion)VALUES(518,'SENEGAL ');
insert into siat.tpais(codigo,descripcion)VALUES(519,'SERBIA ');
insert into siat.tpais(codigo,descripcion)VALUES(520,'SEYCHELLES ');
insert into siat.tpais(codigo,descripcion)VALUES(521,'SIERRA LEONA ');
insert into siat.tpais(codigo,descripcion)VALUES(522,'SINGAPUR ');
insert into siat.tpais(codigo,descripcion)VALUES(523,'SOMALIA ');
insert into siat.tpais(codigo,descripcion)VALUES(524,'SRI LANKA ');
insert into siat.tpais(codigo,descripcion)VALUES(525,'SUDÁFRICA ');
insert into siat.tpais(codigo,descripcion)VALUES(526,'SUDÁN ');
insert into siat.tpais(codigo,descripcion)VALUES(527,'SUDÁN DEL SUR ');
insert into siat.tpais(codigo,descripcion)VALUES(528,'SUECIA ');
insert into siat.tpais(codigo,descripcion)VALUES(529,'SUIZA ');
insert into siat.tpais(codigo,descripcion)VALUES(530,'SURINAM ');
insert into siat.tpais(codigo,descripcion)VALUES(531,'SUAZILANDIA ');
insert into siat.tpais(codigo,descripcion)VALUES(532,'TAILANDIA ');
insert into siat.tpais(codigo,descripcion)VALUES(533,'TAYIKISTÁN ');
insert into siat.tpais(codigo,descripcion)VALUES(534,'TIMOR ORIENTAL ');
insert into siat.tpais(codigo,descripcion)VALUES(535,'TOGO ');
insert into siat.tpais(codigo,descripcion)VALUES(536,'TOKELAU ');
insert into siat.tpais(codigo,descripcion)VALUES(537,'TONGA ');
insert into siat.tpais(codigo,descripcion)VALUES(538,'TRINIDAD Y TOBAGO ');
insert into siat.tpais(codigo,descripcion)VALUES(539,'TURKMENISTÁN ');
insert into siat.tpais(codigo,descripcion)VALUES(540,'TURQUÍA ');
insert into siat.tpais(codigo,descripcion)VALUES(541,'TUVALU ');
insert into siat.tpais(codigo,descripcion)VALUES(542,'TÚNEZ ');
insert into siat.tpais(codigo,descripcion)VALUES(543,'UCRANIA ');
insert into siat.tpais(codigo,descripcion)VALUES(544,'UGANDA ');
insert into siat.tpais(codigo,descripcion)VALUES(545,'URUGUAY ');
insert into siat.tpais(codigo,descripcion)VALUES(546,'UZBEKISTÁN ');
insert into siat.tpais(codigo,descripcion)VALUES(547,'VANUATU ');
insert into siat.tpais(codigo,descripcion)VALUES(548,'VENEZUELA (REPÚBLICA BOLIVARIANA DE) ');
insert into siat.tpais(codigo,descripcion)VALUES(549,'VIETNAM ');
insert into siat.tpais(codigo,descripcion)VALUES(550,'YEMEN ');
insert into siat.tpais(codigo,descripcion)VALUES(551,'ZAMBIA ');
insert into siat.tpais(codigo,descripcion)VALUES(552,'ZIMBABUE ');
insert into siat.tpais(codigo,descripcion)VALUES(553,'REPÚBLICA DE MACEDONIA ');
insert into siat.tpais(codigo,descripcion)VALUES(918,'NO REGISTRADO ');
insert into siat.tpais(codigo,descripcion)VALUES(1276,'ANTILLAS NEERLANDESAS ');
insert into siat.tpais(codigo,descripcion)VALUES(1277,'ARUBA ');
insert into siat.tpais(codigo,descripcion)VALUES(1278,'BERMUDAS ');
insert into siat.tpais(codigo,descripcion)VALUES(1279,'ISLAS CAIMÁN ');
insert into siat.tpais(codigo,descripcion)VALUES(1280,'GROENLANDIA ');
insert into siat.tpais(codigo,descripcion)VALUES(1281,'ISLAS MALVINAS ');
insert into siat.tpais(codigo,descripcion)VALUES(1282,'YUGOSLAVIA ');

insert into siat.tmensaje_soap(codigo,descripcion) Values (1,'Ambiente Inválido ');
insert into siat.tmensaje_soap(codigo,descripcion) Values (2,'Código de Sistema Invalido ');
insert into siat.tmensaje_soap(codigo,descripcion) Values (3,'Código Único de Inicio de Sistema (CUIS) Invalido ');
insert into siat.tmensaje_soap(codigo,descripcion) Values (4,'Código Único de Facturación Diario (CUFD) Invalido ');
insert into siat.tmensaje_soap(codigo,descripcion) Values (5,'Documento Fiscal Invalido ');
insert into siat.tmensaje_soap(codigo,descripcion) Values (6,'Tipo Emisión Invalido ');
insert into siat.tmensaje_soap(codigo,descripcion) Values (7,'Modalidad Invalida ');
insert into siat.tmensaje_soap(codigo,descripcion) Values (8,'Sucursal Invalida ');
insert into siat.tmensaje_soap(codigo,descripcion) Values (9,'NIT Invalido ');
insert into siat.tmensaje_soap(codigo,descripcion) Values (10,'Archivo Invalido ');
insert into siat.tmensaje_soap(codigo,descripcion) Values (11,'Firma Incorrrecta ');
insert into siat.tmensaje_soap(codigo,descripcion) Values (12,'Firma No corresponde al Contribuyente ');
insert into siat.tmensaje_soap(codigo,descripcion) Values (13,'Código de Recepción Invalido ');
insert into siat.tmensaje_soap(codigo,descripcion) Values (14,'Numero Documento Duplicado ');
insert into siat.tmensaje_soap(codigo,descripcion) Values (15,'Numero Documento Inexistente ');
insert into siat.tmensaje_soap(codigo,descripcion) Values (16,'Nombre de Cajero con caracteres inválidos ');
insert into siat.tmensaje_soap(codigo,descripcion) Values (17,'Fecha Emision mayor a definido en normativa ');
insert into siat.tmensaje_soap(codigo,descripcion) Values (18,'Fecha Emision menor a definido en normativa ');
insert into siat.tmensaje_soap(codigo,descripcion) Values (19,'Tipo Documento Identidad Invalido ');
insert into siat.tmensaje_soap(codigo,descripcion) Values (20,'Código Único de Factura (CUF) Invalido ');
insert into siat.tmensaje_soap(codigo,descripcion) Values (21,'XML Invalido ');
insert into siat.tmensaje_soap(codigo,descripcion) Values (22,'El periodo_facturado no contiene un valor valido ');
insert into siat.tmensaje_soap(codigo,descripcion) Values (23,'El campo Estudiante es requerido para este tipo de factura ');
insert into siat.tmensaje_soap(codigo,descripcion) Values (24,'El Tipo Cambio es requerido en este tipo de factura ');
insert into siat.tmensaje_soap(codigo,descripcion) Values (25,'Incoterm es requerido en este tipo de factura ');
insert into siat.tmensaje_soap(codigo,descripcion) Values (26,'Puerto destino es requerido en este tipo de factura ');
insert into siat.tmensaje_soap(codigo,descripcion) Values (27,'Tipo moneda es requerido en este tipo de factura ');
insert into siat.tmensaje_soap(codigo,descripcion) Values (28,'Tipo de  Moneda Invalido ');
insert into siat.tmensaje_soap(codigo,descripcion) Values (29,'Precio valor bruto es requerido en este tipo de factura ');
insert into siat.tmensaje_soap(codigo,descripcion) Values (30,'Gastos transporte frontera es requerido en este tipo de factura ');
insert into siat.tmensaje_soap(codigo,descripcion) Values (31,'Gastos seguro frontera es requerido en este tipo de factura ');
insert into siat.tmensaje_soap(codigo,descripcion) Values (32,'Total fob frontera es requerido en este tipo de factura ');
insert into siat.tmensaje_soap(codigo,descripcion) Values (33,'Monto transporte internacional es requerido en este tipo de factura ');
insert into siat.tmensaje_soap(codigo,descripcion) Values (34,'Monto seguro internacional es requerido en este tipo de factura ');
insert into siat.tmensaje_soap(codigo,descripcion) Values (35,'Otros montos es requerido en este tipo de factura ');
insert into siat.tmensaje_soap(codigo,descripcion) Values (36,'Total Moneda es requerido en este tipo de factura ');
insert into siat.tmensaje_soap(codigo,descripcion) Values (37,'Total Puerto es requerido en este tipo de factura ');
insert into siat.tmensaje_soap(codigo,descripcion) Values (38,'Operador Turismo receptivo es requerido en este tipo de factura ');
insert into siat.tmensaje_soap(codigo,descripcion) Values (39,'Remitente es requerido en este tipo de factura ');
insert into siat.tmensaje_soap(codigo,descripcion) Values (40,'Consignatario es requerido en este tipo de factura ');
insert into siat.tmensaje_soap(codigo,descripcion) Values (41,'Placa es requerido en este tipo de factura ');
insert into siat.tmensaje_soap(codigo,descripcion) Values (42,'Código de pais es requerido en este tipo de factura ');
insert into siat.tmensaje_soap(codigo,descripcion) Values (43,'Código de País Invalido ');
insert into siat.tmensaje_soap(codigo,descripcion) Values (44,'Monto Ley 317 es requerido en este tipo de factura ');
insert into siat.tmensaje_soap(codigo,descripcion) Values (45,'Monto Total Sujeto a IVA es requerido en este tipo de factura ');
insert into siat.tmensaje_soap(codigo,descripcion) Values (46,'Monto Total Sujeto a IPJ es requerido en este tipo de factura ');
insert into siat.tmensaje_soap(codigo,descripcion) Values (47,'Monto Total IJ es requerido en este tipo de factura ');
insert into siat.tmensaje_soap(codigo,descripcion) Values (48,'Monto por diferencia de tipo de cambio es requerido en este tipo de factura ');
insert into siat.tmensaje_soap(codigo,descripcion) Values (49,'Monto ICE es requerido en este tipo de factura ');
insert into siat.tmensaje_soap(codigo,descripcion) Values (50,'Monto IDH es requerido en este tipo de factura ');
insert into siat.tmensaje_soap(codigo,descripcion) Values (51,'Código de Producto Invalido ');
insert into siat.tmensaje_soap(codigo,descripcion) Values (52,'Producto no coincide con la actividad ');
insert into siat.tmensaje_soap(codigo,descripcion) Values (53,'Actividad Invalida ');
insert into siat.tmensaje_soap(codigo,descripcion) Values (54,'Monto total no coincide con la sumatoria de los subtotales y descuentos ');
insert into siat.tmensaje_soap(codigo,descripcion) Values (55,'Calculo del subtotal incorrecto ');
insert into siat.tmensaje_soap(codigo,descripcion) Values (56,'Monto Ley 317 incorrecto ');
insert into siat.tmensaje_soap(codigo,descripcion) Values (57,'Monto Total Sujeto a IVA incorrecto ');
insert into siat.tmensaje_soap(codigo,descripcion) Values (58,'Monto Total Sujeto IPJ incorrecto ');
insert into siat.tmensaje_soap(codigo,descripcion) Values (59,'Monto Total IJ incorrecto ');
insert into siat.tmensaje_soap(codigo,descripcion) Values (60,'Monto ICE incorrecto ');
insert into siat.tmensaje_soap(codigo,descripcion) Values (61,'Monto IDH incorrecto ');
insert into siat.tmensaje_soap(codigo,descripcion) Values (62,'Motivo de Anulación Invalido ');
insert into siat.tmensaje_soap(codigo,descripcion) Values (63,'Error de ejecución del servicio ');
insert into siat.tmensaje_soap(codigo,descripcion) Values (64,'Servicio de verificación de recepción incorrecto ');
insert into siat.tmensaje_soap(codigo,descripcion) Values (65,'Error de datos ');
insert into siat.tmensaje_soap(codigo,descripcion) Values (66,'Comunicacion exitosa ');
insert into siat.tmensaje_soap(codigo,descripcion) Values (67,'Error al recuperar datos básicos asociados al NIT ');
insert into siat.tmensaje_soap(codigo,descripcion) Values (68,'Error durante la validación de datos de emisor ');
insert into siat.tmensaje_soap(codigo,descripcion) Values (69,'Error durante la recepción de Nota Fiscal ');
insert into siat.tmensaje_soap(codigo,descripcion) Values (70,'Error durante la recepción de Nota Fiscal Paquete ');
insert into siat.tmensaje_soap(codigo,descripcion) Values (71,'Error durante la recepción del documento fiscal ');
insert into siat.tmensaje_soap(codigo,descripcion) Values (72,'Fecha Firma Invalida ');
insert into siat.tmensaje_soap(codigo,descripcion) Values (73,'Firma Revocada ');
insert into siat.tmensaje_soap(codigo,descripcion) Values (74,'Certificado Firma Invalido ');
insert into siat.tmensaje_soap(codigo,descripcion) Values (75,'NIT no tiene asociada la modalidad ');
insert into siat.tmensaje_soap(codigo,descripcion) Values (76,'El NIT presenta marcas de control ');
insert into siat.tmensaje_soap(codigo,descripcion) Values (77,'NIT Inactivo ');
insert into siat.tmensaje_soap(codigo,descripcion) Values (78,'CUIS no esta vigente ');
insert into siat.tmensaje_soap(codigo,descripcion) Values (79,'CUIS no corresponde a la Sucursal/punto Venta ');
insert into siat.tmensaje_soap(codigo,descripcion) Values (80,'Codigo Documento Sector invalido ');
insert into siat.tmensaje_soap(codigo,descripcion) Values (81,'Codigo de Sector no corresponde al servicio ');
insert into siat.tmensaje_soap(codigo,descripcion) Values (82,'Punto de venta invalido ');
insert into siat.tmensaje_soap(codigo,descripcion) Values (83,'Anulacion Fuera de Plazo ');
insert into siat.tmensaje_soap(codigo,descripcion) Values (84,'Archivo no corresponde a la huella ');
insert into siat.tmensaje_soap(codigo,descripcion) Values (85,'Feha envío inválida ');
insert into siat.tmensaje_soap(codigo,descripcion) Values (86,'Factura Inexistente ');
insert into siat.tmensaje_soap(codigo,descripcion) Values (87,'Factura ya esta Anulada ');
insert into siat.tmensaje_soap(codigo,descripcion) Values (88,'Soap parametros formato XSD incorrecto ');
insert into siat.tmensaje_soap(codigo,descripcion) Values (89,'formato XSD Incorrecto ');
insert into siat.tmensaje_soap(codigo,descripcion) Values (90,'Servicio solo habilitado para entorno de producción ');
insert into siat.tmensaje_soap(codigo,descripcion) Values (901,'Recepción Pendiente ');
insert into siat.tmensaje_soap(codigo,descripcion) Values (902,'Recepción Rechazada ');
insert into siat.tmensaje_soap(codigo,descripcion) Values (903,'Recepción Procesada ');
insert into siat.tmensaje_soap(codigo,descripcion) Values (904,'Recepción Observada ');
insert into siat.tmensaje_soap(codigo,descripcion) Values (905,'Anulación Confirmada ');
insert into siat.tmensaje_soap(codigo,descripcion) Values (906,'Anulación Rechazada ');
insert into siat.tmensaje_soap(codigo,descripcion) Values (907,'Anulación Pendiente de Confirmación ');
insert into siat.tmensaje_soap(codigo,descripcion) Values (908,'Recepción Validada ');
insert into siat.tmensaje_soap(codigo,descripcion) Values (909,'Anulada Procesado por PIN ');
insert into siat.tmensaje_soap(codigo,descripcion) Values (910,'Ya existe una solicitud de Anulación ');